[{"model": "account.emailaddress", "pk": 7, "fields": {"user": 7, "email": "DanielACollins@jourrapide.com", "verified": true, "primary": true}},
 {"model": "student_app.user", "pk": 7, "fields": {"password": "pbkdf2_sha256$260000$ROw6CmqzGsq0kNB65s1Oh4$C1kWtYvUcIGpLeW7JeJpo+rbJ/1hADr83gZEA5nr/FM=", "last_login": "2021-05-31T19:09:22.396Z", "is_superuser": false, "username": "Rectee", "first_name": "", "last_name": "", "email": "DanielACollins@jourrapide.com", "is_staff": false, "is_active": false, "date_joined": "2021-05-31T19:08:19.410Z", "groups": [], "is_board": false, "user_permissions": [], "dark_theme": true, "is_member": true, "is_instructor": false}},
 {"model": "student_app.student", "pk": 7, "fields": {"student_family": 4, "first_name": "Daniel", "last_name": "Collins", "dob": "2005-04-21", "safety_class": null, "user": 7}},
 {"model": "account.emailaddress", "pk": 8, "fields": {"user": 8, "email": "WilliamMGusman@teleworm.us", "verified": true, "primary": true}},
 {"model": "student_app.user", "pk": 8, "fields": {"password": "pbkdf2_sha256$260000$ROw6CmqzGsq0kNB65s1Oh4$C1kWtYvUcIGpLeW7JeJpo+rbJ/1hADr83gZEA5nr/FM=", "last_login": "2021-05-31T19:09:22.396Z", "is_superuser": false, "username": "Winger", "first_name": "", "last_name": "", "email": "WilliamMGusman@teleworm.us", "is_staff": false, "is_active": false, "date_joined": "2021-05-31T19:08:19.410Z", "groups": [], "is_board": false, "user_permissions": [], "dark_theme": true, "is_member": true, "is_instructor": false}},
 {"model": "student_app.student", "pk": 8, "fields": {"student_family": 4, "first_name": "William", "last_name": "Gusman", "dob": "2008-03-14", "safety_class": null, "user": 8}},
 {"model": "account.emailaddress", "pk": 9, "fields": {"user": 9, "email": "AmandaJCushman@fleckens.hu", "verified": true, "primary": true}},
 {"model": "student_app.user", "pk": 9, "fields": {"password": "pbkdf2_sha256$260000$ROw6CmqzGsq0kNB65s1Oh4$C1kWtYvUcIGpLeW7JeJpo+rbJ/1hADr83gZEA5nr/FM=", "last_login": "2021-05-31T19:09:22.396Z", "is_superuser": true, "username": "Labinkled", "first_name": "", "last_name": "", "email": "AmandaJCushman@fleckens.hu", "is_staff": true, "is_active": false, "date_joined": "2021-05-31T19:08:19.410Z", "groups": [], "is_board": true, "user_permissions": [], "dark_theme": true, "is_member": true, "is_instructor": true}},
 {"model": "student_app.student", "pk": 9, "fields": {"student_family": 4, "first_name": "Amanda", "last_name": "Cushman", "dob": "1973-09-27", "safety_class": null, "user": 9}},
 {"model": "student_app.studentfamily", "pk": 4, "fields": {"street": "3 Oakmound Road", "city": "Chicago", "state": "IL", "post_code": "60637", "phone": "773-241-8698", "registration_date": "2021-05-31"}},
 {"model": "membership.member", "pk": 4, "fields": {"student": 9, "expire_date": "2025-02-28", "level": 1, "join_date": "2023-02-28", "begin_date": "2023-02-28"}},
 {"model": "account.emailaddress", "pk": 10, "fields": {"user": 10, "email": "CathyWRodriguez@cuvox.de", "verified": true, "primary": true}},
 {"model": "student_app.user", "pk": 10, "fields": {"password": "pbkdf2_sha256$260000$ROw6CmqzGsq0kNB65s1Oh4$C1kWtYvUcIGpLeW7JeJpo+rbJ/1hADr83gZEA5nr/FM=", "last_login": "2021-05-31T19:09:22.396Z", "is_superuser": false, "username": "Eyettaking1999", "first_name": "", "last_name": "", "email": "CathyWRodriguez@cuvox.de", "is_staff": true, "is_active": false, "date_joined": "2021-05-31T19:08:19.410Z", "groups": [], "is_board": false, "user_permissions": [], "dark_theme": true, "is_member": true, "is_instructor": true}},
 {"model": "student_app.student", "pk": 10, "fields": {"student_family": 5, "first_name": "Cathy", "last_name": "Rodriguez", "dob": "1999-04-19", "safety_class": null, "user": 10}},
 {"model": "student_app.studentfamily", "pk": 5, "fields": {"street": "1005 Cottonwood Lane", "city": "Grand Rapids", "state": "MI", "post_code": "49507", "phone": "616-241-6613", "registration_date": "2021-05-31"}},
 {"model": "membership.member", "pk": 5, "fields": {"student": 10, "expire_date": "2025-02-28", "level": 1, "join_date": "2023-02-28", "begin_date": "2023-02-28"}},
 {"model": "account.emailaddress", "pk": 11, "fields": {"user": 11, "email": "BrantAApplegate@superrito.com", "verified": true, "primary": true}},
 {"model": "student_app.user", "pk": 11, "fields": {"password": "pbkdf2_sha256$260000$ROw6CmqzGsq0kNB65s1Oh4$C1kWtYvUcIGpLeW7JeJpo+rbJ/1hADr83gZEA5nr/FM=", "last_login": "2021-05-31T19:09:22.396Z", "is_superuser": false, "username": "Lindowlsible", "first_name": "", "last_name": "", "email": "BrantAApplegate@superrito.com", "is_staff": true, "is_active": false, "date_joined": "2021-05-31T19:08:19.410Z", "groups": [], "is_board": false, "user_permissions": [], "dark_theme": true, "is_member": true, "is_instructor": true}},
 {"model": "student_app.student", "pk": 11, "fields": {"student_family": 6, "first_name": "Brant", "last_name": "Applegate", "dob": "1999-01-27", "safety_class": null, "user": 11}},
 {"model": "student_app.studentfamily", "pk": 6, "fields": {"street": "3883 John Daniel Drive", "city": "Farmington", "state": "MO", "post_code": "63640", "phone": "573-701-2483", "registration_date": "2021-05-31"}},
 {"model": "membership.member", "pk": 6, "fields": {"student": 11, "expire_date": "2025-02-28", "level": 1, "join_date": "2023-02-28", "begin_date": "2023-02-28"}},
 {"model": "account.emailaddress", "pk": 12, "fields": {"user": 12, "email": "LeeESteen@fleckens.hu", "verified": true, "primary": true}},
 {"model": "student_app.user", "pk": 12, "fields": {"password": "pbkdf2_sha256$260000$ROw6CmqzGsq0kNB65s1Oh4$C1kWtYvUcIGpLeW7JeJpo+rbJ/1hADr83gZEA5nr/FM=", "last_login": "2021-05-31T19:09:22.396Z", "is_superuser": false, "username": "Cappor", "first_name": "", "last_name": "", "email": "LeeESteen@fleckens.hu", "is_staff": true, "is_active": false, "date_joined": "2021-05-31T19:08:19.410Z", "groups": [], "is_board": false, "user_permissions": [], "dark_theme": true, "is_member": true, "is_instructor": true}},
 {"model": "student_app.student", "pk": 12, "fields": {"student_family": 7, "first_name": "Lee", "last_name": "Steen", "dob": "1985-05-16", "safety_class": null, "user": 12}},
 {"model": "student_app.studentfamily", "pk": 7, "fields": {"street": "2579 Russell Street", "city": "Rowley", "state": "MA", "post_code": "01969", "phone": "978-948-3494", "registration_date": "2021-05-31"}},
 {"model": "membership.member", "pk": 7, "fields": {"student": 12, "expire_date": "2025-02-28", "level": 1, "join_date": "2023-02-28", "begin_date": "2023-02-28"}},
 {"model": "account.emailaddress", "pk": 13, "fields": {"user": 13, "email": "RubenBSchneider@superrito.com", "verified": true, "primary": true}},
 {"model": "student_app.user", "pk": 13, "fields": {"password": "pbkdf2_sha256$260000$ROw6CmqzGsq0kNB65s1Oh4$C1kWtYvUcIGpLeW7JeJpo+rbJ/1hADr83gZEA5nr/FM=", "last_login": "2021-05-31T19:09:22.396Z", "is_superuser": false, "username": "Puladogaver2008", "first_name": "", "last_name": "", "email": "RubenBSchneider@superrito.com", "is_staff": true, "is_active": false, "date_joined": "2021-05-31T19:08:19.410Z", "groups": [], "is_board": false, "user_permissions": [], "dark_theme": true, "is_member": true, "is_instructor": true}},
 {"model": "student_app.student", "pk": 13, "fields": {"student_family": 8, "first_name": "Ruben", "last_name": "Schneider", "dob": "2008-08-15", "safety_class": null, "user": 13}},
 {"model": "account.emailaddress", "pk": 14, "fields": {"user": 14, "email": "BillieJFarquhar@cuvox.de", "verified": true, "primary": true}},
 {"model": "student_app.user", "pk": 14, "fields": {"password": "pbkdf2_sha256$260000$ROw6CmqzGsq0kNB65s1Oh4$C1kWtYvUcIGpLeW7JeJpo+rbJ/1hADr83gZEA5nr/FM=", "last_login": "2021-05-31T19:09:22.396Z", "is_superuser": false, "username": "Sexagnat", "first_name": "", "last_name": "", "email": "BillieJFarquhar@cuvox.de", "is_staff": true, "is_active": false, "date_joined": "2021-05-31T19:08:19.410Z", "groups": [], "is_board": false, "user_permissions": [], "dark_theme": true, "is_member": true, "is_instructor": true}},
 {"model": "student_app.student", "pk": 14, "fields": {"student_family": 8, "first_name": "Billie", "last_name": "Farquhar", "dob": "1941-05-27", "safety_class": null, "user": 14}},
 {"model": "student_app.studentfamily", "pk": 8, "fields": {"street": "1692 Elk Creek Road", "city": "Villa Rica", "state": "GA", "post_code": "30180", "phone": "770-456-0754", "registration_date": "2021-05-31"}},
 {"model": "membership.member", "pk": 8, "fields": {"student": 14, "expire_date": "2025-02-28", "level": 1, "join_date": "2023-02-28", "begin_date": "2023-02-28"}},
 {"model": "account.emailaddress", "pk": 15, "fields": {"user": 15, "email": "DorothyTCarver@einrot.com", "verified": true, "primary": true}},
 {"model": "student_app.user", "pk": 15, "fields": {"password": "pbkdf2_sha256$260000$ROw6CmqzGsq0kNB65s1Oh4$C1kWtYvUcIGpLeW7JeJpo+rbJ/1hADr83gZEA5nr/FM=", "last_login": "2021-05-31T19:09:22.396Z", "is_superuser": false, "username": "Hingently1966", "first_name": "", "last_name": "", "email": "DorothyTCarver@einrot.com", "is_staff": true, "is_active": false, "date_joined": "2021-05-31T19:08:19.410Z", "groups": [], "is_board": false, "user_permissions": [], "dark_theme": true, "is_member": true, "is_instructor": true}},
 {"model": "student_app.student", "pk": 15, "fields": {"student_family": 9, "first_name": "Dorothy", "last_name": "Carver", "dob": "1966-02-11", "safety_class": null, "user": 15}},
 {"model": "student_app.studentfamily", "pk": 9, "fields": {"street": "2574 Medical Center Drive", "city": "Plant City", "state": "FL", "post_code": "33566", "phone": "941-504-2598", "registration_date": "2021-05-31"}},
 {"model": "membership.member", "pk": 9, "fields": {"student": 15, "expire_date": "2025-02-28", "level": 1, "join_date": "2023-02-28", "begin_date": "2023-02-28"}},
 {"model": "account.emailaddress", "pk": 16, "fields": {"user": 16, "email": "KevinJLezama@dayrep.com", "verified": true, "primary": true}},
 {"model": "student_app.user", "pk": 16, "fields": {"password": "pbkdf2_sha256$260000$ROw6CmqzGsq0kNB65s1Oh4$C1kWtYvUcIGpLeW7JeJpo+rbJ/1hADr83gZEA5nr/FM=", "last_login": "2021-05-31T19:09:22.396Z", "is_superuser": false, "username": "Porn2013", "first_name": "", "last_name": "", "email": "KevinJLezama@dayrep.com", "is_staff": true, "is_active": false, "date_joined": "2021-05-31T19:08:19.410Z", "groups": [], "is_board": false, "user_permissions": [], "dark_theme": true, "is_member": true, "is_instructor": true}},
 {"model": "student_app.student", "pk": 16, "fields": {"student_family": 10, "first_name": "Kevin", "last_name": "Lezama", "dob": "2013-12-23", "safety_class": null, "user": 16}},
 {"model": "account.emailaddress", "pk": 17, "fields": {"user": 17, "email": "ScottFGlidden@fleckens.hu", "verified": true, "primary": true}},
 {"model": "student_app.user", "pk": 17, "fields": {"password": "pbkdf2_sha256$260000$ROw6CmqzGsq0kNB65s1Oh4$C1kWtYvUcIGpLeW7JeJpo+rbJ/1hADr83gZEA5nr/FM=", "last_login": "2021-05-31T19:09:22.396Z", "is_superuser": false, "username": "Seld1988", "first_name": "", "last_name": "", "email": "ScottFGlidden@fleckens.hu", "is_staff": false, "is_active": false, "date_joined": "2021-05-31T19:08:19.410Z", "groups": [], "is_board": false, "user_permissions": [], "dark_theme": true, "is_member": true, "is_instructor": false}},
 {"model": "student_app.student", "pk": 17, "fields": {"student_family": 10, "first_name": "Scott", "last_name": "Glidden", "dob": "1988-06-24", "safety_class": null, "user": 17}},
 {"model": "student_app.studentfamily", "pk": 10, "fields": {"street": "2144 Five Points", "city": "Baltimore", "state": "MD", "post_code": "21201", "phone": "443-316-3395", "registration_date": "2021-05-31"}},
 {"model": "membership.member", "pk": 10, "fields": {"student": 17, "expire_date": "2025-02-28", "level": 1, "join_date": "2023-02-28", "begin_date": "2023-02-28"}},
 {"model": "account.emailaddress", "pk": 18, "fields": {"user": 18, "email": "CrystalBVanover@fleckens.hu", "verified": true, "primary": true}},
 {"model": "student_app.user", "pk": 18, "fields": {"password": "pbkdf2_sha256$260000$ROw6CmqzGsq0kNB65s1Oh4$C1kWtYvUcIGpLeW7JeJpo+rbJ/1hADr83gZEA5nr/FM=", "last_login": "2021-05-31T19:09:22.396Z", "is_superuser": false, "username": "Siand2004", "first_name": "", "last_name": "", "email": "CrystalBVanover@fleckens.hu", "is_staff": false, "is_active": false, "date_joined": "2021-05-31T19:08:19.410Z", "groups": [], "is_board": false, "user_permissions": [], "dark_theme": true, "is_member": true, "is_instructor": false}},
 {"model": "student_app.student", "pk": 18, "fields": {"student_family": 11, "first_name": "Crystal", "last_name": "Vanover", "dob": "2004-11-20", "safety_class": null, "user": 18}},
 {"model": "student_app.studentfamily", "pk": 11, "fields": {"street": "4566 Cessna Drive", "city": "Fort Wayne", "state": "IN", "post_code": "46804", "phone": "260-432-3995", "registration_date": "2021-05-31"}},
 {"model": "membership.member", "pk": 11, "fields": {"student": 18, "expire_date": "2025-02-28", "level": 1, "join_date": "2023-02-28", "begin_date": "2023-02-28"}},
 {"model": "account.emailaddress", "pk": 19, "fields": {"user": 19, "email": "MarkJDavis@einrot.com", "verified": true, "primary": true}},
 {"model": "student_app.user", "pk": 19, "fields": {"password": "pbkdf2_sha256$260000$ROw6CmqzGsq0kNB65s1Oh4$C1kWtYvUcIGpLeW7JeJpo+rbJ/1hADr83gZEA5nr/FM=", "last_login": "2021-05-31T19:09:22.396Z", "is_superuser": false, "username": "Occommant", "first_name": "", "last_name": "", "email": "MarkJDavis@einrot.com", "is_staff": false, "is_active": false, "date_joined": "2021-05-31T19:08:19.410Z", "groups": [], "is_board": false, "user_permissions": [], "dark_theme": true, "is_member": true, "is_instructor": false}},
 {"model": "student_app.student", "pk": 19, "fields": {"student_family": 12, "first_name": "Mark", "last_name": "Davis", "dob": "1979-09-19", "safety_class": null, "user": 19}},
 {"model": "student_app.studentfamily", "pk": 12, "fields": {"street": "3282 Rogers Street", "city": "Cincinnati", "state": "OH", "post_code": "45249", "phone": "513-489-4932", "registration_date": "2021-05-31"}},
 {"model": "membership.member", "pk": 12, "fields": {"student": 19, "expire_date": "2025-02-28", "level": 1, "join_date": "2023-02-28", "begin_date": "2023-02-28"}},
 {"model": "account.emailaddress", "pk": 20, "fields": {"user": 20, "email": "DeanKFlynn@superrito.com", "verified": true, "primary": true}},
 {"model": "student_app.user", "pk": 20, "fields": {"password": "pbkdf2_sha256$260000$ROw6CmqzGsq0kNB65s1Oh4$C1kWtYvUcIGpLeW7JeJpo+rbJ/1hADr83gZEA5nr/FM=", "last_login": "2021-05-31T19:09:22.396Z", "is_superuser": false, "username": "Hoset1994", "first_name": "", "last_name": "", "email": "DeanKFlynn@superrito.com", "is_staff": false, "is_active": false, "date_joined": "2021-05-31T19:08:19.410Z", "groups": [], "is_board": false, "user_permissions": [], "dark_theme": true, "is_member": true, "is_instructor": false}},
 {"model": "student_app.student", "pk": 20, "fields": {"student_family": 13, "first_name": "Dean", "last_name": "Flynn", "dob": "1994-12-18", "safety_class": null, "user": 20}},
 {"model": "student_app.studentfamily", "pk": 13, "fields": {"street": "3144 Grand Avenue", "city": "Orlando", "state": "FL", "post_code": "32801", "phone": "407-649-4431", "registration_date": "2021-05-31"}},
 {"model": "membership.member", "pk": 13, "fields": {"student": 20, "expire_date": "2025-02-28", "level": 1, "join_date": "2023-02-28", "begin_date": "2023-02-28"}},
 {"model": "account.emailaddress", "pk": 21, "fields": {"user": 21, "email": "JamesSMcBride@dayrep.com", "verified": true, "primary": true}},
 {"model": "student_app.user", "pk": 21, "fields": {"password": "pbkdf2_sha256$260000$ROw6CmqzGsq0kNB65s1Oh4$C1kWtYvUcIGpLeW7JeJpo+rbJ/1hADr83gZEA5nr/FM=", "last_login": "2021-05-31T19:09:22.396Z", "is_superuser": false, "username": "Suirly62", "first_name": "", "last_name": "", "email": "JamesSMcBride@dayrep.com", "is_staff": false, "is_active": false, "date_joined": "2021-05-31T19:08:19.410Z", "groups": [], "is_board": false, "user_permissions": [], "dark_theme": true, "is_member": true, "is_instructor": false}},
 {"model": "student_app.student", "pk": 21, "fields": {"student_family": 14, "first_name": "James", "last_name": "McBride", "dob": "1962-06-10", "safety_class": null, "user": 21}},
 {"model": "student_app.studentfamily", "pk": 14, "fields": {"street": "4494 Fairmont Avenue", "city": "Lamonte", "state": "MO", "post_code": "65337", "phone": "660-347-4771", "registration_date": "2021-05-31"}},
 {"model": "membership.member", "pk": 14, "fields": {"student": 21, "expire_date": "2025-02-28", "level": 1, "join_date": "2023-02-28", "begin_date": "2023-02-28"}},
 {"model": "account.emailaddress", "pk": 22, "fields": {"user": 22, "email": "AmandaDJackson@teleworm.us", "verified": true, "primary": true}},
 {"model": "student_app.user", "pk": 22, "fields": {"password": "pbkdf2_sha256$260000$ROw6CmqzGsq0kNB65s1Oh4$C1kWtYvUcIGpLeW7JeJpo+rbJ/1hADr83gZEA5nr/FM=", "last_login": "2021-05-31T19:09:22.396Z", "is_superuser": false, "username": "Whimusbante", "first_name": "", "last_name": "", "email": "AmandaDJackson@teleworm.us", "is_staff": false, "is_active": false, "date_joined": "2021-05-31T19:08:19.410Z", "groups": [], "is_board": false, "user_permissions": [], "dark_theme": true, "is_member": true, "is_instructor": false}},
 {"model": "student_app.student", "pk": 22, "fields": {"student_family": 15, "first_name": "Amanda", "last_name": "Jackson", "dob": "1967-08-04", "safety_class": null, "user": 22}},
 {"model": "student_app.studentfamily", "pk": 15, "fields": {"street": "3806 Whiteman Street", "city": "Penns Neck", "state": "NJ", "post_code": "08540", "phone": "609-936-8721", "registration_date": "2021-05-31"}},
 {"model": "membership.member", "pk": 15, "fields": {"student": 22, "expire_date": "2025-02-28", "level": 1, "join_date": "2023-02-28", "begin_date": "2023-02-28"}},
 {"model": "account.emailaddress", "pk": 23, "fields": {"user": 23, "email": "LutherGCole@cuvox.de", "verified": true, "primary": true}},
 {"model": "student_app.user", "pk": 23, "fields": {"password": "pbkdf2_sha256$260000$ROw6CmqzGsq0kNB65s1Oh4$C1kWtYvUcIGpLeW7JeJpo+rbJ/1hADr83gZEA5nr/FM=", "last_login": "2021-05-31T19:09:22.396Z", "is_superuser": false, "username": "Gagoem", "first_name": "", "last_name": "", "email": "LutherGCole@cuvox.de", "is_staff": false, "is_active": false, "date_joined": "2021-05-31T19:08:19.410Z", "groups": [], "is_board": false, "user_permissions": [], "dark_theme": true, "is_member": true, "is_instructor": false}},
 {"model": "student_app.student", "pk": 23, "fields": {"student_family": 16, "first_name": "Luther", "last_name": "Cole", "dob": "1970-10-07", "safety_class": null, "user": 23}},
 {"model": "student_app.studentfamily", "pk": 16, "fields": {"street": "433 Rainbow Drive", "city": "Akron", "state": "OH", "post_code": "44311", "phone": "330-475-3040", "registration_date": "2021-05-31"}},
 {"model": "membership.member", "pk": 16, "fields": {"student": 23, "expire_date": "2025-02-28", "level": 1, "join_date": "2023-02-28", "begin_date": "2023-02-28"}},
 {"model": "account.emailaddress", "pk": 24, "fields": {"user": 24, "email": "JeanetteASheppard@gustr.com", "verified": true, "primary": true}},
 {"model": "student_app.user", "pk": 24, "fields": {"password": "pbkdf2_sha256$260000$ROw6CmqzGsq0kNB65s1Oh4$C1kWtYvUcIGpLeW7JeJpo+rbJ/1hADr83gZEA5nr/FM=", "last_login": "2021-05-31T19:09:22.396Z", "is_superuser": false, "username": "Daventure", "first_name": "", "last_name": "", "email": "JeanetteASheppard@gustr.com", "is_staff": false, "is_active": false, "date_joined": "2021-05-31T19:08:19.410Z", "groups": [], "is_board": false, "user_permissions": [], "dark_theme": true, "is_member": true, "is_instructor": false}},
 {"model": "student_app.student", "pk": 24, "fields": {"student_family": 17, "first_name": "Jeanette", "last_name": "Sheppard", "dob": "1973-12-20", "safety_class": null, "user": 24}},
 {"model": "student_app.studentfamily", "pk": 17, "fields": {"street": "4072 Lamberts Branch Road", "city": "Miramar", "state": "FL", "post_code": "33025", "phone": "786-547-0535", "registration_date": "2021-05-31"}},
 {"model": "membership.member", "pk": 17, "fields": {"student": 24, "expire_date": "2025-02-28", "level": 1, "join_date": "2023-02-28", "begin_date": "2023-02-28"}},
 {"model": "account.emailaddress", "pk": 25, "fields": {"user": 25, "email": "GeorgeRWaters@armyspy.com", "verified": true, "primary": true}},
 {"model": "student_app.user", "pk": 25, "fields": {"password": "pbkdf2_sha256$260000$ROw6CmqzGsq0kNB65s1Oh4$C1kWtYvUcIGpLeW7JeJpo+rbJ/1hADr83gZEA5nr/FM=", "last_login": "2021-05-31T19:09:22.396Z", "is_superuser": false, "username": "Thisiumok", "first_name": "", "last_name": "", "email": "GeorgeRWaters@armyspy.com", "is_staff": false, "is_active": false, "date_joined": "2021-05-31T19:08:19.410Z", "groups": [], "is_board": false, "user_permissions": [], "dark_theme": true, "is_member": true, "is_instructor": false}},
 {"model": "student_app.student", "pk": 25, "fields": {"student_family": 18, "first_name": "George", "last_name": "Waters", "dob": "1979-11-06", "safety_class": null, "user": 25}},
 {"model": "student_app.studentfamily", "pk": 18, "fields": {"street": "2210 Saint Francis Way", "city": "Philadelphia", "state": "PA", "post_code": "19108", "phone": "267-200-8884", "registration_date": "2021-05-31"}},
 {"model": "membership.member", "pk": 18, "fields": {"student": 25, "expire_date": "2025-02-28", "level": 1, "join_date": "2023-02-28", "begin_date": "2023-02-28"}},
 {"model": "account.emailaddress", "pk": 26, "fields": {"user": 26, "email": "LauraGPorter@rhyta.com", "verified": true, "primary": true}},
 {"model": "student_app.user", "pk": 26, "fields": {"password": "pbkdf2_sha256$260000$ROw6CmqzGsq0kNB65s1Oh4$C1kWtYvUcIGpLeW7JeJpo+rbJ/1hADr83gZEA5nr/FM=", "last_login": "2021-05-31T19:09:22.396Z", "is_superuser": false, "username": "Fices2007", "first_name": "", "last_name": "", "email": "LauraGPorter@rhyta.com", "is_staff": false, "is_active": false, "date_joined": "2021-05-31T19:08:19.410Z", "groups": [], "is_board": false, "user_permissions": [], "dark_theme": true, "is_member": true, "is_instructor": false}},
 {"model": "student_app.student", "pk": 26, "fields": {"student_family": 19, "first_name": "Laura", "last_name": "Porter", "dob": "2007-02-02", "safety_class": null, "user": 26}},
 {"model": "account.emailaddress", "pk": 27, "fields": {"user": 27, "email": "AlmaEDiaz@einrot.com", "verified": true, "primary": true}},
 {"model": "student_app.user", "pk": 27, "fields": {"password": "pbkdf2_sha256$260000$ROw6CmqzGsq0kNB65s1Oh4$C1kWtYvUcIGpLeW7JeJpo+rbJ/1hADr83gZEA5nr/FM=", "last_login": "2021-05-31T19:09:22.396Z", "is_superuser": false, "username": "Opetchas", "first_name": "", "last_name": "", "email": "AlmaEDiaz@einrot.com", "is_staff": false, "is_active": false, "date_joined": "2021-05-31T19:08:19.410Z", "groups": [], "is_board": false, "user_permissions": [], "dark_theme": true, "is_member": true, "is_instructor": false}},
 {"model": "student_app.student", "pk": 27, "fields": {"student_family": 19, "first_name": "Alma", "last_name": "Diaz", "dob": "1973-04-16", "safety_class": null, "user": 27}},
 {"model": "student_app.studentfamily", "pk": 19, "fields": {"street": "1847 Clarksburg Park Road", "city": "Yuma", "state": "AZ", "post_code": "85365", "phone": "928-314-9119", "registration_date": "2021-05-31"}},
 {"model": "membership.member", "pk": 19, "fields": {"student": 27, "expire_date": "2025-02-28", "level": 1, "join_date": "2023-02-28", "begin_date": "2023-02-28"}},
 {"model": "account.emailaddress", "pk": 28, "fields": {"user": 28, "email": "PamelaJKehoe@jourrapide.com", "verified": true, "primary": true}},
 {"model": "student_app.user", "pk": 28, "fields": {"password": "pbkdf2_sha256$260000$ROw6CmqzGsq0kNB65s1Oh4$C1kWtYvUcIGpLeW7JeJpo+rbJ/1hADr83gZEA5nr/FM=", "last_login": "2021-05-31T19:09:22.396Z", "is_superuser": false, "username": "Sherverty", "first_name": "", "last_name": "", "email": "PamelaJKehoe@jourrapide.com", "is_staff": false, "is_active": false, "date_joined": "2021-05-31T19:08:19.410Z", "groups": [], "is_board": false, "user_permissions": [], "dark_theme": true, "is_member": true, "is_instructor": false}},
 {"model": "student_app.student", "pk": 28, "fields": {"student_family": 20, "first_name": "Pamela", "last_name": "Kehoe", "dob": "2009-09-16", "safety_class": null, "user": 28}},
 {"model": "account.emailaddress", "pk": 29, "fields": {"user": 29, "email": "AnnaGGlover@rhyta.com", "verified": true, "primary": true}},
 {"model": "student_app.user", "pk": 29, "fields": {"password": "pbkdf2_sha256$260000$ROw6CmqzGsq0kNB65s1Oh4$C1kWtYvUcIGpLeW7JeJpo+rbJ/1hADr83gZEA5nr/FM=", "last_login": "2021-05-31T19:09:22.396Z", "is_superuser": false, "username": "Giry1990", "first_name": "", "last_name": "", "email": "AnnaGGlover@rhyta.com", "is_staff": false, "is_active": false, "date_joined": "2021-05-31T19:08:19.410Z", "groups": [], "is_board": false, "user_permissions": [], "dark_theme": true, "is_member": true, "is_instructor": false}},
 {"model": "student_app.student", "pk": 29, "fields": {"student_family": 20, "first_name": "Anna", "last_name": "Glover", "dob": "1990-11-27", "safety_class": null, "user": 29}},
 {"model": "student_app.studentfamily", "pk": 20, "fields": {"street": "3876 Retreat Avenue", "city": "Portland", "state": "ME", "post_code": "04101", "phone": "207-347-3228", "registration_date": "2021-05-31"}},
 {"model": "membership.member", "pk": 20, "fields": {"student": 29, "expire_date": "2025-02-28", "level": 1, "join_date": "2023-02-28", "begin_date": "2023-02-28"}},
 {"model": "account.emailaddress", "pk": 30, "fields": {"user": 30, "email": "JuneJKimbrough@dayrep.com", "verified": true, "primary": true}},
 {"model": "student_app.user", "pk": 30, "fields": {"password": "pbkdf2_sha256$260000$ROw6CmqzGsq0kNB65s1Oh4$C1kWtYvUcIGpLeW7JeJpo+rbJ/1hADr83gZEA5nr/FM=", "last_login": "2021-05-31T19:09:22.396Z", "is_superuser": false, "username": "Tordely", "first_name": "", "last_name": "", "email": "JuneJKimbrough@dayrep.com", "is_staff": false, "is_active": false, "date_joined": "2021-05-31T19:08:19.410Z", "groups": [], "is_board": false, "user_permissions": [], "dark_theme": true, "is_member": true, "is_instructor": false}},
 {"model": "student_app.student", "pk": 30, "fields": {"student_family": 21, "first_name": "June", "last_name": "Kimbrough", "dob": "1947-11-14", "safety_class": null, "user": 30}},
 {"model": "student_app.studentfamily", "pk": 21, "fields": {"street": "1927 Bridge Street", "city": "Tulsa", "state": "OK", "post_code": "74116", "phone": "918-876-6875", "registration_date": "2021-05-31"}},
 {"model": "membership.member", "pk": 21, "fields": {"student": 30, "expire_date": "2025-02-28", "level": 1, "join_date": "2023-02-28", "begin_date": "2023-02-28"}},
 {"model": "account.emailaddress", "pk": 31, "fields": {"user": 31, "email": "JeanHStebbins@gustr.com", "verified": true, "primary": true}},
 {"model": "student_app.user", "pk": 31, "fields": {"password": "pbkdf2_sha256$260000$ROw6CmqzGsq0kNB65s1Oh4$C1kWtYvUcIGpLeW7JeJpo+rbJ/1hADr83gZEA5nr/FM=", "last_login": "2021-05-31T19:09:22.396Z", "is_superuser": false, "username": "Peammeak", "first_name": "", "last_name": "", "email": "JeanHStebbins@gustr.com", "is_staff": false, "is_active": false, "date_joined": "2021-05-31T19:08:19.410Z", "groups": [], "is_board": false, "user_permissions": [], "dark_theme": true, "is_member": true, "is_instructor": false}},
 {"model": "student_app.student", "pk": 31, "fields": {"student_family": 22, "first_name": "Jean", "last_name": "Stebbins", "dob": "1980-12-17", "safety_class": null, "user": 31}},
 {"model": "student_app.studentfamily", "pk": 22, "fields": {"street": "1358 Poplar Avenue", "city": "San Diego", "state": "CA", "post_code": "92103", "phone": "619-580-5261", "registration_date": "2021-05-31"}},
 {"model": "membership.member", "pk": 22, "fields": {"student": 31, "expire_date": "2025-02-28", "level": 1, "join_date": "2023-02-28", "begin_date": "2023-02-28"}},
 {"model": "account.emailaddress", "pk": 32, "fields": {"user": 32, "email": "RobertJWilcox@dayrep.com", "verified": true, "primary": true}},
 {"model": "student_app.user", "pk": 32, "fields": {"password": "pbkdf2_sha256$260000$ROw6CmqzGsq0kNB65s1Oh4$C1kWtYvUcIGpLeW7JeJpo+rbJ/1hADr83gZEA5nr/FM=", "last_login": "2021-05-31T19:09:22.396Z", "is_superuser": false, "username": "Eliablive", "first_name": "", "last_name": "", "email": "RobertJWilcox@dayrep.com", "is_staff": false, "is_active": false, "date_joined": "2021-05-31T19:08:19.410Z", "groups": [], "is_board": false, "user_permissions": [], "dark_theme": true, "is_member": true, "is_instructor": false}},
 {"model": "student_app.student", "pk": 32, "fields": {"student_family": 23, "first_name": "Robert", "last_name": "Wilcox", "dob": "1952-01-27", "safety_class": null, "user": 32}},
 {"model": "student_app.studentfamily", "pk": 23, "fields": {"street": "40 Michael Street", "city": "Houston", "state": "TX", "post_code": "77006", "phone": "713-737-3440", "registration_date": "2021-05-31"}},
 {"model": "membership.member", "pk": 23, "fields": {"student": 32, "expire_date": "2025-02-28", "level": 1, "join_date": "2023-02-28", "begin_date": "2023-02-28"}},
 {"model": "account.emailaddress", "pk": 33, "fields": {"user": 33, "email": "BettyMRichardson@einrot.com", "verified": true, "primary": true}},
 {"model": "student_app.user", "pk": 33, "fields": {"password": "pbkdf2_sha256$260000$ROw6CmqzGsq0kNB65s1Oh4$C1kWtYvUcIGpLeW7JeJpo+rbJ/1hADr83gZEA5nr/FM=", "last_login": "2021-05-31T19:09:22.396Z", "is_superuser": false, "username": "Anifing", "first_name": "", "last_name": "", "email": "BettyMRichardson@einrot.com", "is_staff": false, "is_active": false, "date_joined": "2021-05-31T19:08:19.410Z", "groups": [], "is_board": false, "user_permissions": [], "dark_theme": true, "is_member": true, "is_instructor": false}},
 {"model": "student_app.student", "pk": 33, "fields": {"student_family": 24, "first_name": "Betty", "last_name": "Richardson", "dob": "2005-08-19", "safety_class": null, "user": 33}},
 {"model": "account.emailaddress", "pk": 34, "fields": {"user": 34, "email": "ThelmaDHash@armyspy.com", "verified": true, "primary": true}},
 {"model": "student_app.user", "pk": 34, "fields": {"password": "pbkdf2_sha256$260000$ROw6CmqzGsq0kNB65s1Oh4$C1kWtYvUcIGpLeW7JeJpo+rbJ/1hADr83gZEA5nr/FM=", "last_login": "2021-05-31T19:09:22.396Z", "is_superuser": false, "username": "Ainctuesold", "first_name": "", "last_name": "", "email": "ThelmaDHash@armyspy.com", "is_staff": false, "is_active": false, "date_joined": "2021-05-31T19:08:19.410Z", "groups": [], "is_board": false, "user_permissions": [], "dark_theme": true, "is_member": true, "is_instructor": false}},
 {"model": "student_app.student", "pk": 34, "fields": {"student_family": 24, "first_name": "Thelma", "last_name": "Hash", "dob": "2016-03-16", "safety_class": null, "user": 34}},
 {"model": "account.emailaddress", "pk": 35, "fields": {"user": 35, "email": "ChristineKLegg@cuvox.de", "verified": true, "primary": true}},
 {"model": "student_app.user", "pk": 35, "fields": {"password": "pbkdf2_sha256$260000$ROw6CmqzGsq0kNB65s1Oh4$C1kWtYvUcIGpLeW7JeJpo+rbJ/1hADr83gZEA5nr/FM=", "last_login": "2021-05-31T19:09:22.396Z", "is_superuser": false, "username": "Hanty1993", "first_name": "", "last_name": "", "email": "ChristineKLegg@cuvox.de", "is_staff": false, "is_active": false, "date_joined": "2021-05-31T19:08:19.410Z", "groups": [], "is_board": false, "user_permissions": [], "dark_theme": true, "is_member": true, "is_instructor": false}},
 {"model": "student_app.student", "pk": 35, "fields": {"student_family": 24, "first_name": "Christine", "last_name": "Legg", "dob": "1993-05-17", "safety_class": null, "user": 35}},
 {"model": "student_app.studentfamily", "pk": 24, "fields": {"street": "1530 Lakeland Park Drive", "city": "Peachtree City", "state": "GA", "post_code": "30269", "phone": "770-631-1114", "registration_date": "2021-05-31"}},
 {"model": "membership.member", "pk": 24, "fields": {"student": 35, "expire_date": "2025-02-28", "level": 1, "join_date": "2023-02-28", "begin_date": "2023-02-28"}},
 {"model": "account.emailaddress", "pk": 36, "fields": {"user": 36, "email": "DanielDOsborn@armyspy.com", "verified": true, "primary": true}},
 {"model": "student_app.user", "pk": 36, "fields": {"password": "pbkdf2_sha256$260000$ROw6CmqzGsq0kNB65s1Oh4$C1kWtYvUcIGpLeW7JeJpo+rbJ/1hADr83gZEA5nr/FM=", "last_login": "2021-05-31T19:09:22.396Z", "is_superuser": false, "username": "Belikee14", "first_name": "", "last_name": "", "email": "DanielDOsborn@armyspy.com", "is_staff": false, "is_active": false, "date_joined": "2021-05-31T19:08:19.410Z", "groups": [], "is_board": false, "user_permissions": [], "dark_theme": true, "is_member": true, "is_instructor": false}},
 {"model": "student_app.student", "pk": 36, "fields": {"student_family": 25, "first_name": "Daniel", "last_name": "Osborn", "dob": "2014-03-21", "safety_class": null, "user": 36}},
 {"model": "account.emailaddress", "pk": 37, "fields": {"user": 37, "email": "TammyJMiley@fleckens.hu", "verified": true, "primary": true}},
 {"model": "student_app.user", "pk": 37, "fields": {"password": "pbkdf2_sha256$260000$ROw6CmqzGsq0kNB65s1Oh4$C1kWtYvUcIGpLeW7JeJpo+rbJ/1hADr83gZEA5nr/FM=", "last_login": "2021-05-31T19:09:22.396Z", "is_superuser": false, "username": "Thenothe", "first_name": "", "last_name": "", "email": "TammyJMiley@fleckens.hu", "is_staff": false, "is_active": false, "date_joined": "2021-05-31T19:08:19.410Z", "groups": [], "is_board": false, "user_permissions": [], "dark_theme": true, "is_member": true, "is_instructor": false}},
 {"model": "student_app.student", "pk": 37, "fields": {"student_family": 25, "first_name": "Tammy", "last_name": "Miley", "dob": "1949-06-29", "safety_class": null, "user": 37}},
 {"model": "student_app.studentfamily", "pk": 25, "fields": {"street": "3485 Anmoore Road", "city": "Elmhurst", "state": "NY", "post_code": "11373", "phone": "718-803-6773", "registration_date": "2021-05-31"}},
 {"model": "membership.member", "pk": 25, "fields": {"student": 37, "expire_date": "2025-02-28", "level": 1, "join_date": "2023-02-28", "begin_date": "2023-02-28"}},
 {"model": "account.emailaddress", "pk": 38, "fields": {"user": 38, "email": "CraigBMohammed@teleworm.us", "verified": true, "primary": true}},
 {"model": "student_app.user", "pk": 38, "fields": {"password": "pbkdf2_sha256$260000$ROw6CmqzGsq0kNB65s1Oh4$C1kWtYvUcIGpLeW7JeJpo+rbJ/1hADr83gZEA5nr/FM=", "last_login": "2021-05-31T19:09:22.396Z", "is_superuser": false, "username": "Eation", "first_name": "", "last_name": "", "email": "CraigBMohammed@teleworm.us", "is_staff": false, "is_active": false, "date_joined": "2021-05-31T19:08:19.410Z", "groups": [], "is_board": false, "user_permissions": [], "dark_theme": true, "is_member": true, "is_instructor": false}},
 {"model": "student_app.student", "pk": 38, "fields": {"student_family": 26, "first_name": "Craig", "last_name": "Mohammed", "dob": "1947-09-18", "safety_class": null, "user": 38}},
 {"model": "student_app.studentfamily", "pk": 26, "fields": {"street": "1041 Nutter Street", "city": "Kansas City", "state": "MO", "post_code": "64106", "phone": "816-282-5172", "registration_date": "2021-05-31"}},
 {"model": "membership.member", "pk": 26, "fields": {"student": 38, "expire_date": "2025-02-28", "level": 1, "join_date": "2023-02-28", "begin_date": "2023-02-28"}},
 {"model": "account.emailaddress", "pk": 39, "fields": {"user": 39, "email": "RitaBLewis@armyspy.com", "verified": true, "primary": true}},
 {"model": "student_app.user", "pk": 39, "fields": {"password": "pbkdf2_sha256$260000$ROw6CmqzGsq0kNB65s1Oh4$C1kWtYvUcIGpLeW7JeJpo+rbJ/1hADr83gZEA5nr/FM=", "last_login": "2021-05-31T19:09:22.396Z", "is_superuser": false, "username": "Wrin1984", "first_name": "", "last_name": "", "email": "RitaBLewis@armyspy.com", "is_staff": false, "is_active": false, "date_joined": "2021-05-31T19:08:19.410Z", "groups": [], "is_board": false, "user_permissions": [], "dark_theme": true, "is_member": true, "is_instructor": false}},
 {"model": "student_app.student", "pk": 39, "fields": {"student_family": 27, "first_name": "Rita", "last_name": "Lewis", "dob": "1984-06-28", "safety_class": null, "user": 39}},
 {"model": "student_app.studentfamily", "pk": 27, "fields": {"street": "3259 Pick Street", "city": "Denver", "state": "CO", "post_code": "80205", "phone": "970-612-9613", "registration_date": "2021-05-31"}},
 {"model": "membership.member", "pk": 27, "fields": {"student": 39, "expire_date": "2025-02-28", "level": 1, "join_date": "2023-02-28", "begin_date": "2023-02-28"}},
 {"model": "account.emailaddress", "pk": 40, "fields": {"user": 40, "email": "LindaTHoffman@teleworm.us", "verified": true, "primary": true}},
 {"model": "student_app.user", "pk": 40, "fields": {"password": "pbkdf2_sha256$260000$ROw6CmqzGsq0kNB65s1Oh4$C1kWtYvUcIGpLeW7JeJpo+rbJ/1hADr83gZEA5nr/FM=", "last_login": "2021-05-31T19:09:22.396Z", "is_superuser": false, "username": "Pruchalk", "first_name": "", "last_name": "", "email": "LindaTHoffman@teleworm.us", "is_staff": false, "is_active": false, "date_joined": "2021-05-31T19:08:19.410Z", "groups": [], "is_board": false, "user_permissions": [], "dark_theme": true, "is_member": true, "is_instructor": false}},
 {"model": "student_app.student", "pk": 40, "fields": {"student_family": 28, "first_name": "Linda", "last_name": "Hoffman", "dob": "2001-04-24", "safety_class": null, "user": 40}},
 {"model": "student_app.studentfamily", "pk": 28, "fields": {"street": "112 Burke Street", "city": "Waltham", "state": "MA", "post_code": "02154", "phone": "781-305-8335", "registration_date": "2021-05-31"}},
 {"model": "membership.member", "pk": 28, "fields": {"student": 40, "expire_date": "2025-02-28", "level": 1, "join_date": "2023-02-28", "begin_date": "2023-02-28"}},
 {"model": "account.emailaddress", "pk": 41, "fields": {"user": 41, "email": "ArthurMSeigler@rhyta.com", "verified": true, "primary": true}},
 {"model": "student_app.user", "pk": 41, "fields": {"password": "pbkdf2_sha256$260000$ROw6CmqzGsq0kNB65s1Oh4$C1kWtYvUcIGpLeW7JeJpo+rbJ/1hADr83gZEA5nr/FM=", "last_login": "2021-05-31T19:09:22.396Z", "is_superuser": false, "username": "Vesect76", "first_name": "", "last_name": "", "email": "ArthurMSeigler@rhyta.com", "is_staff": false, "is_active": false, "date_joined": "2021-05-31T19:08:19.410Z", "groups": [], "is_board": false, "user_permissions": [], "dark_theme": true, "is_member": true, "is_instructor": false}},
 {"model": "student_app.student", "pk": 41, "fields": {"student_family": 29, "first_name": "Arthur", "last_name": "Seigler", "dob": "1976-01-10", "safety_class": null, "user": 41}},
 {"model": "student_app.studentfamily", "pk": 29, "fields": {"street": "2167 College Street", "city": "Atlanta", "state": "GA", "post_code": "30340", "phone": "404-360-3933", "registration_date": "2021-05-31"}},
 {"model": "membership.member", "pk": 29, "fields": {"student": 41, "expire_date": "2025-02-28", "level": 1, "join_date": "2023-02-28", "begin_date": "2023-02-28"}},
 {"model": "account.emailaddress", "pk": 42, "fields": {"user": 42, "email": "RogerCShields@fleckens.hu", "verified": true, "primary": true}},
 {"model": "student_app.user", "pk": 42, "fields": {"password": "pbkdf2_sha256$260000$ROw6CmqzGsq0kNB65s1Oh4$C1kWtYvUcIGpLeW7JeJpo+rbJ/1hADr83gZEA5nr/FM=", "last_login": "2021-05-31T19:09:22.396Z", "is_superuser": false, "username": "Famenjusich1950", "first_name": "", "last_name": "", "email": "RogerCShields@fleckens.hu", "is_staff": false, "is_active": false, "date_joined": "2021-05-31T19:08:19.410Z", "groups": [], "is_board": false, "user_permissions": [], "dark_theme": true, "is_member": true, "is_instructor": false}},
 {"model": "student_app.student", "pk": 42, "fields": {"student_family": 30, "first_name": "Roger", "last_name": "Shields", "dob": "1950-12-14", "safety_class": null, "user": 42}},
 {"model": "student_app.studentfamily", "pk": 30, "fields": {"street": "2461 Cliffside Drive", "city": "Guilford", "state": "NY", "post_code": "13780", "phone": "607-373-0182", "registration_date": "2021-05-31"}},
 {"model": "membership.member", "pk": 30, "fields": {"student": 42, "expire_date": "2025-02-28", "level": 1, "join_date": "2023-02-28", "begin_date": "2023-02-28"}},
 {"model": "account.emailaddress", "pk": 43, "fields": {"user": 43, "email": "TheronRGibney@jourrapide.com", "verified": true, "primary": true}},
 {"model": "student_app.user", "pk": 43, "fields": {"password": "pbkdf2_sha256$260000$ROw6CmqzGsq0kNB65s1Oh4$C1kWtYvUcIGpLeW7JeJpo+rbJ/1hADr83gZEA5nr/FM=", "last_login": "2021-05-31T19:09:22.396Z", "is_superuser": false, "username": "Hure2005", "first_name": "", "last_name": "", "email": "TheronRGibney@jourrapide.com", "is_staff": false, "is_active": false, "date_joined": "2021-05-31T19:08:19.410Z", "groups": [], "is_board": false, "user_permissions": [], "dark_theme": true, "is_member": true, "is_instructor": false}},
 {"model": "student_app.student", "pk": 43, "fields": {"student_family": 31, "first_name": "Theron", "last_name": "Gibney", "dob": "2005-03-31", "safety_class": null, "user": 43}},
 {"model": "account.emailaddress", "pk": 44, "fields": {"user": 44, "email": "SantiagoGHarris@fleckens.hu", "verified": true, "primary": true}},
 {"model": "student_app.user", "pk": 44, "fields": {"password": "pbkdf2_sha256$260000$ROw6CmqzGsq0kNB65s1Oh4$C1kWtYvUcIGpLeW7JeJpo+rbJ/1hADr83gZEA5nr/FM=", "last_login": "2021-05-31T19:09:22.396Z", "is_superuser": false, "username": "Ancepaid", "first_name": "", "last_name": "", "email": "SantiagoGHarris@fleckens.hu", "is_staff": false, "is_active": false, "date_joined": "2021-05-31T19:08:19.410Z", "groups": [], "is_board": false, "user_permissions": [], "dark_theme": true, "is_member": true, "is_instructor": false}},
 {"model": "student_app.student", "pk": 44, "fields": {"student_family": 31, "first_name": "Santiago", "last_name": "Harris", "dob": "1996-04-11", "safety_class": null, "user": 44}},
 {"model": "student_app.studentfamily", "pk": 31, "fields": {"street": "4485 Hilltop Drive", "city": "Amarillo", "state": "TX", "post_code": "79101", "phone": "806-349-5435", "registration_date": "2021-05-31"}},
 {"model": "membership.member", "pk": 31, "fields": {"student": 44, "expire_date": "2025-02-28", "level": 1, "join_date": "2023-02-28", "begin_date": "2023-02-28"}},
 {"model": "account.emailaddress", "pk": 45, "fields": {"user": 45, "email": "JannieTCordova@gustr.com", "verified": true, "primary": true}},
 {"model": "student_app.user", "pk": 45, "fields": {"password": "pbkdf2_sha256$260000$ROw6CmqzGsq0kNB65s1Oh4$C1kWtYvUcIGpLeW7JeJpo+rbJ/1hADr83gZEA5nr/FM=", "last_login": "2021-05-31T19:09:22.396Z", "is_superuser": false, "username": "Muccam11", "first_name": "", "last_name": "", "email": "JannieTCordova@gustr.com", "is_staff": false, "is_active": false, "date_joined": "2021-05-31T19:08:19.410Z", "groups": [], "is_board": false, "user_permissions": [], "dark_theme": true, "is_member": true, "is_instructor": false}},
 {"model": "student_app.student", "pk": 45, "fields": {"student_family": 32, "first_name": "Jannie", "last_name": "Cordova", "dob": "2011-03-24", "safety_class": null, "user": 45}},
 {"model": "account.emailaddress", "pk": 46, "fields": {"user": 46, "email": "NicoleNHecht@armyspy.com", "verified": true, "primary": true}},
 {"model": "student_app.user", "pk": 46, "fields": {"password": "pbkdf2_sha256$260000$ROw6CmqzGsq0kNB65s1Oh4$C1kWtYvUcIGpLeW7JeJpo+rbJ/1hADr83gZEA5nr/FM=", "last_login": "2021-05-31T19:09:22.396Z", "is_superuser": false, "username": "Taitorelicke94", "first_name": "", "last_name": "", "email": "NicoleNHecht@armyspy.com", "is_staff": false, "is_active": false, "date_joined": "2021-05-31T19:08:19.410Z", "groups": [], "is_board": false, "user_permissions": [], "dark_theme": true, "is_member": true, "is_instructor": false}},
 {"model": "student_app.student", "pk": 46, "fields": {"student_family": 32, "first_name": "Nicole", "last_name": "Hecht", "dob": "1994-04-03", "safety_class": null, "user": 46}},
 {"model": "student_app.studentfamily", "pk": 32, "fields": {"street": "4562 Burwell Heights Road", "city": "Houston", "state": "TX", "post_code": "77020", "phone": "409-655-5574", "registration_date": "2021-05-31"}},
 {"model": "membership.member", "pk": 32, "fields": {"student": 46, "expire_date": "2025-02-28", "level": 1, "join_date": "2023-02-28", "begin_date": "2023-02-28"}},
 {"model": "account.emailaddress", "pk": 47, "fields": {"user": 47, "email": "GregoryEBryan@einrot.com", "verified": true, "primary": true}},
 {"model": "student_app.user", "pk": 47, "fields": {"password": "pbkdf2_sha256$260000$ROw6CmqzGsq0kNB65s1Oh4$C1kWtYvUcIGpLeW7JeJpo+rbJ/1hADr83gZEA5nr/FM=", "last_login": "2021-05-31T19:09:22.396Z", "is_superuser": false, "username": "Blearly", "first_name": "", "last_name": "", "email": "GregoryEBryan@einrot.com", "is_staff": false, "is_active": false, "date_joined": "2021-05-31T19:08:19.410Z", "groups": [], "is_board": false, "user_permissions": [], "dark_theme": true, "is_member": true, "is_instructor": false}},
 {"model": "student_app.student", "pk": 47, "fields": {"student_family": 33, "first_name": "Gregory", "last_name": "Bryan", "dob": "1955-07-12", "safety_class": null, "user": 47}},
 {"model": "student_app.studentfamily", "pk": 33, "fields": {"street": "3042 Nickel Road", "city": "Pasadena", "state": "CA", "post_code": "91101", "phone": "626-744-2938", "registration_date": "2021-05-31"}},
 {"model": "membership.member", "pk": 33, "fields": {"student": 47, "expire_date": "2025-02-28", "level": 1, "join_date": "2023-02-28", "begin_date": "2023-02-28"}},
 {"model": "account.emailaddress", "pk": 48, "fields": {"user": 48, "email": "NicoleDLorenzen@jourrapide.com", "verified": true, "primary": true}},
 {"model": "student_app.user", "pk": 48, "fields": {"password": "pbkdf2_sha256$260000$ROw6CmqzGsq0kNB65s1Oh4$C1kWtYvUcIGpLeW7JeJpo+rbJ/1hADr83gZEA5nr/FM=", "last_login": "2021-05-31T19:09:22.396Z", "is_superuser": false, "username": "Withen", "first_name": "", "last_name": "", "email": "NicoleDLorenzen@jourrapide.com", "is_staff": false, "is_active": false, "date_joined": "2021-05-31T19:08:19.410Z", "groups": [], "is_board": false, "user_permissions": [], "dark_theme": true, "is_member": true, "is_instructor": false}},
 {"model": "student_app.student", "pk": 48, "fields": {"student_family": 34, "first_name": "Nicole", "last_name": "Lorenzen", "dob": "1991-01-18", "safety_class": null, "user": 48}},
 {"model": "student_app.studentfamily", "pk": 34, "fields": {"street": "2766 Front Street", "city": "Capac", "state": "MI", "post_code": "48014", "phone": "810-395-4384", "registration_date": "2021-05-31"}},
 {"model": "membership.member", "pk": 34, "fields": {"student": 48, "expire_date": "2025-02-28", "level": 1, "join_date": "2023-02-28", "begin_date": "2023-02-28"}},
 {"model": "account.emailaddress", "pk": 49, "fields": {"user": 49, "email": "CarolSHein@dayrep.com", "verified": true, "primary": true}},
 {"model": "student_app.user", "pk": 49, "fields": {"password": "pbkdf2_sha256$260000$ROw6CmqzGsq0kNB65s1Oh4$C1kWtYvUcIGpLeW7JeJpo+rbJ/1hADr83gZEA5nr/FM=", "last_login": "2021-05-31T19:09:22.396Z", "is_superuser": false, "username": "Earelleth", "first_name": "", "last_name": "", "email": "CarolSHein@dayrep.com", "is_staff": false, "is_active": false, "date_joined": "2021-05-31T19:08:19.410Z", "groups": [], "is_board": false, "user_permissions": [], "dark_theme": true, "is_member": true, "is_instructor": false}},
 {"model": "student_app.student", "pk": 49, "fields": {"student_family": 35, "first_name": "Carol", "last_name": "Hein", "dob": "1983-09-20", "safety_class": null, "user": 49}},
 {"model": "student_app.studentfamily", "pk": 35, "fields": {"street": "1643 Happy Hollow Road", "city": "Clinton", "state": "NC", "post_code": "28328", "phone": "910-592-5483", "registration_date": "2021-05-31"}},
 {"model": "membership.member", "pk": 35, "fields": {"student": 49, "expire_date": "2025-02-28", "level": 1, "join_date": "2023-02-28", "begin_date": "2023-02-28"}},
 {"model": "account.emailaddress", "pk": 50, "fields": {"user": 50, "email": "RobertKThompson@armyspy.com", "verified": true, "primary": true}},
 {"model": "student_app.user", "pk": 50, "fields": {"password": "pbkdf2_sha256$260000$ROw6CmqzGsq0kNB65s1Oh4$C1kWtYvUcIGpLeW7JeJpo+rbJ/1hADr83gZEA5nr/FM=", "last_login": "2021-05-31T19:09:22.396Z", "is_superuser": false, "username": "Andeet", "first_name": "", "last_name": "", "email": "RobertKThompson@armyspy.com", "is_staff": false, "is_active": false, "date_joined": "2021-05-31T19:08:19.410Z", "groups": [], "is_board": false, "user_permissions": [], "dark_theme": true, "is_member": true, "is_instructor": false}},
 {"model": "student_app.student", "pk": 50, "fields": {"student_family": 36, "first_name": "Robert", "last_name": "Thompson", "dob": "1939-12-20", "safety_class": null, "user": 50}},
 {"model": "student_app.studentfamily", "pk": 36, "fields": {"street": "3570 Earnhardt Drive", "city": "Louisville", "state": "KY", "post_code": "40242", "phone": "502-680-6059", "registration_date": "2021-05-31"}},
 {"model": "membership.member", "pk": 36, "fields": {"student": 50, "expire_date": "2025-02-28", "level": 1, "join_date": "2023-02-28", "begin_date": "2023-02-28"}},
 {"model": "account.emailaddress", "pk": 51, "fields": {"user": 51, "email": "JohnNWomack@einrot.com", "verified": true, "primary": true}},
 {"model": "student_app.user", "pk": 51, "fields": {"password": "pbkdf2_sha256$260000$ROw6CmqzGsq0kNB65s1Oh4$C1kWtYvUcIGpLeW7JeJpo+rbJ/1hADr83gZEA5nr/FM=", "last_login": "2021-05-31T19:09:22.396Z", "is_superuser": false, "username": "Muselishe", "first_name": "", "last_name": "", "email": "JohnNWomack@einrot.com", "is_staff": false, "is_active": false, "date_joined": "2021-05-31T19:08:19.410Z", "groups": [], "is_board": false, "user_permissions": [], "dark_theme": true, "is_member": true, "is_instructor": false}},
 {"model": "student_app.student", "pk": 51, "fields": {"student_family": 37, "first_name": "John", "last_name": "Womack", "dob": "1949-12-14", "safety_class": null, "user": 51}},
 {"model": "student_app.studentfamily", "pk": 37, "fields": {"street": "4735 Sampson Street", "city": "Centennial", "state": "CO", "post_code": "80112", "phone": "303-596-0870", "registration_date": "2021-05-31"}},
 {"model": "membership.member", "pk": 37, "fields": {"student": 51, "expire_date": "2025-02-28", "level": 1, "join_date": "2023-02-28", "begin_date": "2023-02-28"}},
 {"model": "account.emailaddress", "pk": 52, "fields": {"user": 52, "email": "BobbyOWright@dayrep.com", "verified": true, "primary": true}},
 {"model": "student_app.user", "pk": 52, "fields": {"password": "pbkdf2_sha256$260000$ROw6CmqzGsq0kNB65s1Oh4$C1kWtYvUcIGpLeW7JeJpo+rbJ/1hADr83gZEA5nr/FM=", "last_login": "2021-05-31T19:09:22.396Z", "is_superuser": false, "username": "Lanceire", "first_name": "", "last_name": "", "email": "BobbyOWright@dayrep.com", "is_staff": false, "is_active": false, "date_joined": "2021-05-31T19:08:19.410Z", "groups": [], "is_board": false, "user_permissions": [], "dark_theme": true, "is_member": true, "is_instructor": false}},
 {"model": "student_app.student", "pk": 52, "fields": {"student_family": 38, "first_name": "Bobby", "last_name": "Wright", "dob": "1969-03-05", "safety_class": null, "user": 52}},
 {"model": "student_app.studentfamily", "pk": 38, "fields": {"street": "1557 Lightning Point Drive", "city": "Memphis", "state": "TN", "post_code": "38118", "phone": "901-433-8098", "registration_date": "2021-05-31"}},
 {"model": "membership.member", "pk": 38, "fields": {"student": 52, "expire_date": "2025-02-28", "level": 1, "join_date": "2023-02-28", "begin_date": "2023-02-28"}},
 {"model": "account.emailaddress", "pk": 53, "fields": {"user": 53, "email": "GaryJSwanson@teleworm.us", "verified": true, "primary": true}},
 {"model": "student_app.user", "pk": 53, "fields": {"password": "pbkdf2_sha256$260000$ROw6CmqzGsq0kNB65s1Oh4$C1kWtYvUcIGpLeW7JeJpo+rbJ/1hADr83gZEA5nr/FM=", "last_login": "2021-05-31T19:09:22.396Z", "is_superuser": false, "username": "Areat2005", "first_name": "", "last_name": "", "email": "GaryJSwanson@teleworm.us", "is_staff": false, "is_active": false, "date_joined": "2021-05-31T19:08:19.410Z", "groups": [], "is_board": false, "user_permissions": [], "dark_theme": true, "is_member": true, "is_instructor": false}},
 {"model": "student_app.student", "pk": 53, "fields": {"student_family": 39, "first_name": "Gary", "last_name": "Swanson", "dob": "2005-12-17", "safety_class": null, "user": 53}},
 {"model": "account.emailaddress", "pk": 54, "fields": {"user": 54, "email": "SallieGSimmons@teleworm.us", "verified": true, "primary": true}},
 {"model": "student_app.user", "pk": 54, "fields": {"password": "pbkdf2_sha256$260000$ROw6CmqzGsq0kNB65s1Oh4$C1kWtYvUcIGpLeW7JeJpo+rbJ/1hADr83gZEA5nr/FM=", "last_login": "2021-05-31T19:09:22.396Z", "is_superuser": false, "username": "Tookents", "first_name": "", "last_name": "", "email": "SallieGSimmons@teleworm.us", "is_staff": false, "is_active": false, "date_joined": "2021-05-31T19:08:19.410Z", "groups": [], "is_board": false, "user_permissions": [], "dark_theme": true, "is_member": true, "is_instructor": false}},
 {"model": "student_app.student", "pk": 54, "fields": {"student_family": 39, "first_name": "Sallie", "last_name": "Simmons", "dob": "1955-08-10", "safety_class": null, "user": 54}},
 {"model": "student_app.studentfamily", "pk": 39, "fields": {"street": "4915 East Avenue", "city": "Phoenix", "state": "AZ", "post_code": "85040", "phone": "480-255-3839", "registration_date": "2021-05-31"}},
 {"model": "membership.member", "pk": 39, "fields": {"student": 54, "expire_date": "2025-02-28", "level": 1, "join_date": "2023-02-28", "begin_date": "2023-02-28"}},
 {"model": "account.emailaddress", "pk": 55, "fields": {"user": 55, "email": "StevenEByrnes@cuvox.de", "verified": true, "primary": true}},
 {"model": "student_app.user", "pk": 55, "fields": {"password": "pbkdf2_sha256$260000$ROw6CmqzGsq0kNB65s1Oh4$C1kWtYvUcIGpLeW7JeJpo+rbJ/1hADr83gZEA5nr/FM=", "last_login": "2021-05-31T19:09:22.396Z", "is_superuser": false, "username": "Criniveran", "first_name": "", "last_name": "", "email": "StevenEByrnes@cuvox.de", "is_staff": false, "is_active": false, "date_joined": "2021-05-31T19:08:19.410Z", "groups": [], "is_board": false, "user_permissions": [], "dark_theme": true, "is_member": true, "is_instructor": false}},
 {"model": "student_app.student", "pk": 55, "fields": {"student_family": 40, "first_name": "Steven", "last_name": "Byrnes", "dob": "2009-02-28", "safety_class": null, "user": 55}},
 {"model": "account.emailaddress", "pk": 56, "fields": {"user": 56, "email": "RichardMBower@gustr.com", "verified": true, "primary": true}},
 {"model": "student_app.user", "pk": 56, "fields": {"password": "pbkdf2_sha256$260000$ROw6CmqzGsq0kNB65s1Oh4$C1kWtYvUcIGpLeW7JeJpo+rbJ/1hADr83gZEA5nr/FM=", "last_login": "2021-05-31T19:09:22.396Z", "is_superuser": false, "username": "Hithorable", "first_name": "", "last_name": "", "email": "RichardMBower@gustr.com", "is_staff": false, "is_active": false, "date_joined": "2021-05-31T19:08:19.410Z", "groups": [], "is_board": false, "user_permissions": [], "dark_theme": true, "is_member": true, "is_instructor": false}},
 {"model": "student_app.student", "pk": 56, "fields": {"student_family": 40, "first_name": "Richard", "last_name": "Bower", "dob": "1979-03-07", "safety_class": null, "user": 56}},
 {"model": "student_app.studentfamily", "pk": 40, "fields": {"street": "1827 Owen Lane", "city": "Traverse City", "state": "MI", "post_code": "49684", "phone": "231-947-5471", "registration_date": "2021-05-31"}},
 {"model": "membership.member", "pk": 40, "fields": {"student": 56, "expire_date": "2025-02-28", "level": 1, "join_date": "2023-02-28", "begin_date": "2023-02-28"}},
 {"model": "account.emailaddress", "pk": 57, "fields": {"user": 57, "email": "JoelPMedina@dayrep.com", "verified": true, "primary": true}},
 {"model": "student_app.user", "pk": 57, "fields": {"password": "pbkdf2_sha256$260000$ROw6CmqzGsq0kNB65s1Oh4$C1kWtYvUcIGpLeW7JeJpo+rbJ/1hADr83gZEA5nr/FM=", "last_login": "2021-05-31T19:09:22.396Z", "is_superuser": false, "username": "Somiskill", "first_name": "", "last_name": "", "email": "JoelPMedina@dayrep.com", "is_staff": false, "is_active": false, "date_joined": "2021-05-31T19:08:19.410Z", "groups": [], "is_board": false, "user_permissions": [], "dark_theme": true, "is_member": true, "is_instructor": false}},
 {"model": "student_app.student", "pk": 57, "fields": {"student_family": 41, "first_name": "Joel", "last_name": "Medina", "dob": "1982-03-12", "safety_class": null, "user": 57}},
 {"model": "student_app.studentfamily", "pk": 41, "fields": {"street": "305 Chatham Way", "city": "Washington", "state": "MD", "post_code": "20200", "phone": "240-669-4252", "registration_date": "2021-05-31"}},
 {"model": "membership.member", "pk": 41, "fields": {"student": 57, "expire_date": "2025-02-28", "level": 1, "join_date": "2023-02-28", "begin_date": "2023-02-28"}},
 {"model": "account.emailaddress", "pk": 58, "fields": {"user": 58, "email": "ChristopherAMartineau@teleworm.us", "verified": true, "primary": true}},
 {"model": "student_app.user", "pk": 58, "fields": {"password": "pbkdf2_sha256$260000$ROw6CmqzGsq0kNB65s1Oh4$C1kWtYvUcIGpLeW7JeJpo+rbJ/1hADr83gZEA5nr/FM=", "last_login": "2021-05-31T19:09:22.396Z", "is_superuser": false, "username": "Walortromers", "first_name": "", "last_name": "", "email": "ChristopherAMartineau@teleworm.us", "is_staff": false, "is_active": false, "date_joined": "2021-05-31T19:08:19.410Z", "groups": [], "is_board": false, "user_permissions": [], "dark_theme": true, "is_member": true, "is_instructor": false}},
 {"model": "student_app.student", "pk": 58, "fields": {"student_family": 42, "first_name": "Christopher", "last_name": "Martineau", "dob": "1990-06-15", "safety_class": null, "user": 58}},
 {"model": "student_app.studentfamily", "pk": 42, "fields": {"street": "3330 Augusta Park", "city": "Charleston", "state": "WV", "post_code": "25301", "phone": "304-786-1893", "registration_date": "2021-05-31"}},
 {"model": "membership.member", "pk": 42, "fields": {"student": 58, "expire_date": "2025-02-28", "level": 1, "join_date": "2023-02-28", "begin_date": "2023-02-28"}},
 {"model": "account.emailaddress", "pk": 59, "fields": {"user": 59, "email": "LisaLPrinz@dayrep.com", "verified": true, "primary": true}},
 {"model": "student_app.user", "pk": 59, "fields": {"password": "pbkdf2_sha256$260000$ROw6CmqzGsq0kNB65s1Oh4$C1kWtYvUcIGpLeW7JeJpo+rbJ/1hADr83gZEA5nr/FM=", "last_login": "2021-05-31T19:09:22.396Z", "is_superuser": false, "username": "Tooke1985", "first_name": "", "last_name": "", "email": "LisaLPrinz@dayrep.com", "is_staff": false, "is_active": false, "date_joined": "2021-05-31T19:08:19.410Z", "groups": [], "is_board": false, "user_permissions": [], "dark_theme": true, "is_member": true, "is_instructor": false}},
 {"model": "student_app.student", "pk": 59, "fields": {"student_family": 43, "first_name": "Lisa", "last_name": "Prinz", "dob": "1985-11-19", "safety_class": null, "user": 59}},
 {"model": "student_app.studentfamily", "pk": 43, "fields": {"street": "792 Brentwood Drive", "city": "Dale", "state": "TX", "post_code": "78616", "phone": "512-764-0728", "registration_date": "2021-05-31"}},
 {"model": "membership.member", "pk": 43, "fields": {"student": 59, "expire_date": "2025-02-28", "level": 1, "join_date": "2023-02-28", "begin_date": "2023-02-28"}},
 {"model": "account.emailaddress", "pk": 60, "fields": {"user": 60, "email": "DouglasABolte@fleckens.hu", "verified": true, "primary": true}},
 {"model": "student_app.user", "pk": 60, "fields": {"password": "pbkdf2_sha256$260000$ROw6CmqzGsq0kNB65s1Oh4$C1kWtYvUcIGpLeW7JeJpo+rbJ/1hADr83gZEA5nr/FM=", "last_login": "2021-05-31T19:09:22.396Z", "is_superuser": false, "username": "Duren2006", "first_name": "", "last_name": "", "email": "DouglasABolte@fleckens.hu", "is_staff": false, "is_active": false, "date_joined": "2021-05-31T19:08:19.410Z", "groups": [], "is_board": false, "user_permissions": [], "dark_theme": true, "is_member": true, "is_instructor": false}},
 {"model": "student_app.student", "pk": 60, "fields": {"student_family": 44, "first_name": "Douglas", "last_name": "Bolte", "dob": "2006-09-05", "safety_class": null, "user": 60}},
 {"model": "account.emailaddress", "pk": 61, "fields": {"user": 61, "email": "DavisBArias@cuvox.de", "verified": true, "primary": true}},
 {"model": "student_app.user", "pk": 61, "fields": {"password": "pbkdf2_sha256$260000$ROw6CmqzGsq0kNB65s1Oh4$C1kWtYvUcIGpLeW7JeJpo+rbJ/1hADr83gZEA5nr/FM=", "last_login": "2021-05-31T19:09:22.396Z", "is_superuser": false, "username": "Theaunnowly", "first_name": "", "last_name": "", "email": "DavisBArias@cuvox.de", "is_staff": false, "is_active": false, "date_joined": "2021-05-31T19:08:19.410Z", "groups": [], "is_board": false, "user_permissions": [], "dark_theme": true, "is_member": true, "is_instructor": false}},
 {"model": "student_app.student", "pk": 61, "fields": {"student_family": 44, "first_name": "Davis", "last_name": "Arias", "dob": "2001-05-22", "safety_class": null, "user": 61}},
 {"model": "student_app.studentfamily", "pk": 44, "fields": {"street": "3986 Hickman Street", "city": "Bensenville", "state": "IL", "post_code": "60106", "phone": "630-463-5429", "registration_date": "2021-05-31"}},
 {"model": "membership.member", "pk": 44, "fields": {"student": 61, "expire_date": "2025-02-28", "level": 1, "join_date": "2023-02-28", "begin_date": "2023-02-28"}},
 {"model": "account.emailaddress", "pk": 62, "fields": {"user": 62, "email": "MarisolECook@armyspy.com", "verified": true, "primary": true}},
 {"model": "student_app.user", "pk": 62, "fields": {"password": "pbkdf2_sha256$260000$ROw6CmqzGsq0kNB65s1Oh4$C1kWtYvUcIGpLeW7JeJpo+rbJ/1hADr83gZEA5nr/FM=", "last_login": "2021-05-31T19:09:22.396Z", "is_superuser": false, "username": "Wuzze1955", "first_name": "", "last_name": "", "email": "MarisolECook@armyspy.com", "is_staff": false, "is_active": false, "date_joined": "2021-05-31T19:08:19.410Z", "groups": [], "is_board": false, "user_permissions": [], "dark_theme": true, "is_member": true, "is_instructor": false}},
 {"model": "student_app.student", "pk": 62, "fields": {"student_family": 45, "first_name": "Marisol", "last_name": "Cook", "dob": "1955-01-30", "safety_class": null, "user": 62}},
 {"model": "student_app.studentfamily", "pk": 45, "fields": {"street": "1207 Mutton Town Road", "city": "Vancouver", "state": "WA", "post_code": "98663", "phone": "360-696-4966", "registration_date": "2021-05-31"}},
 {"model": "membership.member", "pk": 45, "fields": {"student": 62, "expire_date": "2025-02-28", "level": 1, "join_date": "2023-02-28", "begin_date": "2023-02-28"}},
 {"model": "account.emailaddress", "pk": 63, "fields": {"user": 63, "email": "LoriWPearsall@armyspy.com", "verified": true, "primary": true}},
 {"model": "student_app.user", "pk": 63, "fields": {"password": "pbkdf2_sha256$260000$ROw6CmqzGsq0kNB65s1Oh4$C1kWtYvUcIGpLeW7JeJpo+rbJ/1hADr83gZEA5nr/FM=", "last_login": "2021-05-31T19:09:22.396Z", "is_superuser": false, "username": "Yourem", "first_name": "", "last_name": "", "email": "LoriWPearsall@armyspy.com", "is_staff": false, "is_active": false, "date_joined": "2021-05-31T19:08:19.410Z", "groups": [], "is_board": false, "user_permissions": [], "dark_theme": true, "is_member": true, "is_instructor": false}},
 {"model": "student_app.student", "pk": 63, "fields": {"student_family": 46, "first_name": "Lori", "last_name": "Pearsall", "dob": "1955-10-26", "safety_class": null, "user": 63}},
 {"model": "student_app.studentfamily", "pk": 46, "fields": {"street": "4154 Melody Lane", "city": "Richmond", "state": "VA", "post_code": "23222", "phone": "804-432-4979", "registration_date": "2021-05-31"}},
 {"model": "membership.member", "pk": 46, "fields": {"student": 63, "expire_date": "2025-02-28", "level": 1, "join_date": "2023-02-28", "begin_date": "2023-02-28"}},
 {"model": "account.emailaddress", "pk": 64, "fields": {"user": 64, "email": "StewartJMcComas@rhyta.com", "verified": true, "primary": true}},
 {"model": "student_app.user", "pk": 64, "fields": {"password": "pbkdf2_sha256$260000$ROw6CmqzGsq0kNB65s1Oh4$C1kWtYvUcIGpLeW7JeJpo+rbJ/1hADr83gZEA5nr/FM=", "last_login": "2021-05-31T19:09:22.396Z", "is_superuser": false, "username": "Thele1942", "first_name": "", "last_name": "", "email": "StewartJMcComas@rhyta.com", "is_staff": false, "is_active": false, "date_joined": "2021-05-31T19:08:19.410Z", "groups": [], "is_board": false, "user_permissions": [], "dark_theme": true, "is_member": true, "is_instructor": false}},
 {"model": "student_app.student", "pk": 64, "fields": {"student_family": 47, "first_name": "Stewart", "last_name": "McComas", "dob": "1942-07-02", "safety_class": null, "user": 64}},
 {"model": "student_app.studentfamily", "pk": 47, "fields": {"street": "229 Private Lane", "city": "Tifton", "state": "GA", "post_code": "31794", "phone": "229-388-3371", "registration_date": "2021-05-31"}},
 {"model": "membership.member", "pk": 47, "fields": {"student": 64, "expire_date": "2025-02-28", "level": 1, "join_date": "2023-02-28", "begin_date": "2023-02-28"}},
 {"model": "account.emailaddress", "pk": 65, "fields": {"user": 65, "email": "JimmyVAlden@gustr.com", "verified": true, "primary": true}},
 {"model": "student_app.user", "pk": 65, "fields": {"password": "pbkdf2_sha256$260000$ROw6CmqzGsq0kNB65s1Oh4$C1kWtYvUcIGpLeW7JeJpo+rbJ/1hADr83gZEA5nr/FM=", "last_login": "2021-05-31T19:09:22.396Z", "is_superuser": false, "username": "Succuly", "first_name": "", "last_name": "", "email": "JimmyVAlden@gustr.com", "is_staff": false, "is_active": false, "date_joined": "2021-05-31T19:08:19.410Z", "groups": [], "is_board": false, "user_permissions": [], "dark_theme": true, "is_member": true, "is_instructor": false}},
 {"model": "student_app.student", "pk": 65, "fields": {"student_family": 48, "first_name": "Jimmy", "last_name": "Alden", "dob": "1985-01-01", "safety_class": null, "user": 65}},
 {"model": "student_app.studentfamily", "pk": 48, "fields": {"street": "2655 Morris Street", "city": "Sisterdale", "state": "TX", "post_code": "78006", "phone": "830-324-5969", "registration_date": "2021-05-31"}},
 {"model": "membership.member", "pk": 48, "fields": {"student": 65, "expire_date": "2025-02-28", "level": 1, "join_date": "2023-02-28", "begin_date": "2023-02-28"}},
 {"model": "account.emailaddress", "pk": 66, "fields": {"user": 66, "email": "ArthurKBorden@teleworm.us", "verified": true, "primary": true}},
 {"model": "student_app.user", "pk": 66, "fields": {"password": "pbkdf2_sha256$260000$ROw6CmqzGsq0kNB65s1Oh4$C1kWtYvUcIGpLeW7JeJpo+rbJ/1hADr83gZEA5nr/FM=", "last_login": "2021-05-31T19:09:22.396Z", "is_superuser": false, "username": "Eatigninge", "first_name": "", "last_name": "", "email": "ArthurKBorden@teleworm.us", "is_staff": false, "is_active": false, "date_joined": "2021-05-31T19:08:19.410Z", "groups": [], "is_board": false, "user_permissions": [], "dark_theme": true, "is_member": true, "is_instructor": false}},
 {"model": "student_app.student", "pk": 66, "fields": {"student_family": 49, "first_name": "Arthur", "last_name": "Borden", "dob": "1983-03-02", "safety_class": null, "user": 66}},
 {"model": "student_app.studentfamily", "pk": 49, "fields": {"street": "2373 Poplar Lane", "city": "Coral Gables", "state": "FL", "post_code": "33134", "phone": "305-520-8870", "registration_date": "2021-05-31"}},
 {"model": "membership.member", "pk": 49, "fields": {"student": 66, "expire_date": "2025-02-28", "level": 1, "join_date": "2023-02-28", "begin_date": "2023-02-28"}},
 {"model": "account.emailaddress", "pk": 67, "fields": {"user": 67, "email": "MollieBBarnhart@jourrapide.com", "verified": true, "primary": true}},
 {"model": "student_app.user", "pk": 67, "fields": {"password": "pbkdf2_sha256$260000$ROw6CmqzGsq0kNB65s1Oh4$C1kWtYvUcIGpLeW7JeJpo+rbJ/1hADr83gZEA5nr/FM=", "last_login": "2021-05-31T19:09:22.396Z", "is_superuser": false, "username": "Hisherear", "first_name": "", "last_name": "", "email": "MollieBBarnhart@jourrapide.com", "is_staff": false, "is_active": false, "date_joined": "2021-05-31T19:08:19.410Z", "groups": [], "is_board": false, "user_permissions": [], "dark_theme": true, "is_member": true, "is_instructor": false}},
 {"model": "student_app.student", "pk": 67, "fields": {"student_family": 50, "first_name": "Mollie", "last_name": "Barnhart", "dob": "1953-02-07", "safety_class": null, "user": 67}},
 {"model": "student_app.studentfamily", "pk": 50, "fields": {"street": "4720 Tecumsah Lane", "city": "Shreveport", "state": "LA", "post_code": "71106", "phone": "318-865-1230", "registration_date": "2021-05-31"}},
 {"model": "membership.member", "pk": 50, "fields": {"student": 67, "expire_date": "2025-02-28", "level": 1, "join_date": "2023-02-28", "begin_date": "2023-02-28"}},
 {"model": "account.emailaddress", "pk": 68, "fields": {"user": 68, "email": "RonaldSBendel@dayrep.com", "verified": true, "primary": true}},
 {"model": "student_app.user", "pk": 68, "fields": {"password": "pbkdf2_sha256$260000$ROw6CmqzGsq0kNB65s1Oh4$C1kWtYvUcIGpLeW7JeJpo+rbJ/1hADr83gZEA5nr/FM=", "last_login": "2021-05-31T19:09:22.396Z", "is_superuser": false, "username": "Dinfor2003", "first_name": "", "last_name": "", "email": "RonaldSBendel@dayrep.com", "is_staff": false, "is_active": false, "date_joined": "2021-05-31T19:08:19.410Z", "groups": [], "is_board": false, "user_permissions": [], "dark_theme": true, "is_member": true, "is_instructor": false}},
 {"model": "student_app.student", "pk": 68, "fields": {"student_family": 51, "first_name": "Ronald", "last_name": "Bendel", "dob": "2003-12-10", "safety_class": null, "user": 68}},
 {"model": "student_app.studentfamily", "pk": 51, "fields": {"street": "3345 College View", "city": "Tilden", "state": "IL", "post_code": "62286", "phone": "618-587-6409", "registration_date": "2021-05-31"}},
 {"model": "membership.member", "pk": 51, "fields": {"student": 68, "expire_date": "2025-02-28", "level": 1, "join_date": "2023-02-28", "begin_date": "2023-02-28"}},
 {"model": "account.emailaddress", "pk": 69, "fields": {"user": 69, "email": "ChristopherNDonnellan@jourrapide.com", "verified": true, "primary": true}},
 {"model": "student_app.user", "pk": 69, "fields": {"password": "pbkdf2_sha256$260000$ROw6CmqzGsq0kNB65s1Oh4$C1kWtYvUcIGpLeW7JeJpo+rbJ/1hADr83gZEA5nr/FM=", "last_login": "2021-05-31T19:09:22.396Z", "is_superuser": false, "username": "Doind1960", "first_name": "", "last_name": "", "email": "ChristopherNDonnellan@jourrapide.com", "is_staff": false, "is_active": false, "date_joined": "2021-05-31T19:08:19.410Z", "groups": [], "is_board": false, "user_permissions": [], "dark_theme": true, "is_member": true, "is_instructor": false}},
 {"model": "student_app.student", "pk": 69, "fields": {"student_family": 52, "first_name": "Christopher", "last_name": "Donnellan", "dob": "1960-07-15", "safety_class": null, "user": 69}},
 {"model": "student_app.studentfamily", "pk": 52, "fields": {"street": "1723 Modoc Alley", "city": "Afton", "state": "ID", "post_code": "83110", "phone": "208-225-5738", "registration_date": "2021-05-31"}},
 {"model": "membership.member", "pk": 52, "fields": {"student": 69, "expire_date": "2025-02-28", "level": 1, "join_date": "2023-02-28", "begin_date": "2023-02-28"}},
 {"model": "account.emailaddress", "pk": 70, "fields": {"user": 70, "email": "MargaretJLoeffler@jourrapide.com", "verified": true, "primary": true}},
 {"model": "student_app.user", "pk": 70, "fields": {"password": "pbkdf2_sha256$260000$ROw6CmqzGsq0kNB65s1Oh4$C1kWtYvUcIGpLeW7JeJpo+rbJ/1hADr83gZEA5nr/FM=", "last_login": "2021-05-31T19:09:22.396Z", "is_superuser": false, "username": "Pritter", "first_name": "", "last_name": "", "email": "MargaretJLoeffler@jourrapide.com", "is_staff": false, "is_active": false, "date_joined": "2021-05-31T19:08:19.410Z", "groups": [], "is_board": false, "user_permissions": [], "dark_theme": true, "is_member": true, "is_instructor": false}},
 {"model": "student_app.student", "pk": 70, "fields": {"student_family": 53, "first_name": "Margaret", "last_name": "Loeffler", "dob": "1960-10-22", "safety_class": null, "user": 70}},
 {"model": "student_app.studentfamily", "pk": 53, "fields": {"street": "583 Rocket Drive", "city": "Minneapolis", "state": "MN", "post_code": "55409", "phone": "612-827-6396", "registration_date": "2021-05-31"}},
 {"model": "membership.member", "pk": 53, "fields": {"student": 70, "expire_date": "2025-02-28", "level": 1, "join_date": "2023-02-28", "begin_date": "2023-02-28"}},
 {"model": "account.emailaddress", "pk": 71, "fields": {"user": 71, "email": "FredLTucker@gustr.com", "verified": true, "primary": true}},
 {"model": "student_app.user", "pk": 71, "fields": {"password": "pbkdf2_sha256$260000$ROw6CmqzGsq0kNB65s1Oh4$C1kWtYvUcIGpLeW7JeJpo+rbJ/1hADr83gZEA5nr/FM=", "last_login": "2021-05-31T19:09:22.396Z", "is_superuser": false, "username": "Whosse", "first_name": "", "last_name": "", "email": "FredLTucker@gustr.com", "is_staff": false, "is_active": false, "date_joined": "2021-05-31T19:08:19.410Z", "groups": [], "is_board": false, "user_permissions": [], "dark_theme": true, "is_member": true, "is_instructor": false}},
 {"model": "student_app.student", "pk": 71, "fields": {"student_family": 54, "first_name": "Fred", "last_name": "Tucker", "dob": "1985-04-09", "safety_class": null, "user": 71}},
 {"model": "student_app.studentfamily", "pk": 54, "fields": {"street": "4204 Sunrise Road", "city": "Las Vegas", "state": "NV", "post_code": "89109", "phone": "702-796-0636", "registration_date": "2021-05-31"}},
 {"model": "membership.member", "pk": 54, "fields": {"student": 71, "expire_date": "2025-02-28", "level": 1, "join_date": "2023-02-28", "begin_date": "2023-02-28"}}]